Month,Malaria_Cases,Temperature,Measures,Region,Rainfall
1990-1,193,30,Mosquito nets,Juba,0
1990-2,159,28,Mosquito nets,Juba,0
1990-3,186,31,Mosquito nets,Juba,0
1990-4,190,33,Mosquito nets,Juba,0
1990-5,161,31,Mosquito nets,Juba,4.3
1990-6,154,32,Mosquito nets,Juba,3.4
1990-7,150,27,Mosquito nets,Juba,4.7
1990-8,166,29,Mosquito nets,Juba,6.2
1990-9,176,32,Mosquito nets,Juba,5.2
1990-10,171,32,Mosquito nets,Juba,3.1
1990-11,164,34,Mosquito nets,Juba,0
1990-12,154,29,Mosquito nets,Juba,0
1991-1,174,32,Mosquito nets,Juba,0
1991-2,156,30,Mosquito nets,Juba,0
1991-3,170,30,Mosquito nets,Juba,0.1
1991-4,185,32,Mosquito nets,Juba,4.8
1991-5,165,29,Mosquito nets,Juba,2.8
1991-6,181,31,Mosquito nets,Juba,3.8
1991-7,160,31,Mosquito nets,Juba,4.4
1991-8,206,32,Mosquito nets,Juba,5.3
1991-9,197,29,Mosquito nets,Juba,0.1
1991-10,193,30,Mosquito nets,Juba,5.2
1991-11,184,32,Mosquito nets,Juba,0
1991-12,186,32,Mosquito nets,Juba,0
1992-1,175,29,Mosquito nets,Juba,0
1992-2,160,31,Mosquito nets,Juba,0
1992-3,154,31,Mosquito nets,Juba,3.5
1992-4,169,32,Mosquito nets,Juba,4.7
1992-5,174,30,Mosquito nets,Juba,5.6
1992-6,184,30,Mosquito nets,Juba,0
1992-7,207,31,Mosquito nets,Juba,0
1992-8,195,29,Mosquito nets,Juba,0
1992-9,186,29,Mosquito nets,Juba,6
1992-10,211,32,Mosquito nets,Juba,3.8
1992-11,191,31,Mosquito nets,Juba,2.9
1992-12,202,32,Mosquito nets,Juba,3.3
1993-1,183,31,Mosquito nets,Juba,0
1993-2,177,35,Mosquito nets,Juba,0
1993-3,180,34,Mosquito nets,Juba,3.4
1993-4,196,30,Mosquito nets,Juba,4.9
1993-5,164,34,Mosquito nets,Juba,5.3
1993-6,186,35,Mosquito nets,Juba,0
1993-7,173,35,Mosquito nets,Juba,0
1993-8,182,29,Mosquito nets,Juba,0
1993-9,174,32,Mosquito nets,Juba,6.4
1993-10,191,35,Mosquito nets,Juba,5.8
1993-11,219,35,Mosquito nets,Juba,2.9
1993-12,212,31,Mosquito nets,Juba,5.5
1994-1,199,32,Mosquito nets,Juba,0
1994-2,182,33,Mosquito nets,Juba,0
1994-3,176,35,Mosquito nets,Juba,0
1994-4,177,32,Mosquito nets,Juba,1.1
1994-5,184,31,Mosquito nets,Juba,2.7
1994-6,190,35,Mosquito nets,Juba,3.1
1994-7,187,35,Mosquito nets,Juba,3.7
1994-8,205,34,Mosquito nets,Juba,4.2
1994-9,213,29,Mosquito nets,Juba,4.8
1994-10,189,30,Mosquito nets,Juba,5.1
1994-11,198,28,Mosquito nets,Juba,0
1994-12,176,30,Mosquito nets,Juba,0
1995-1,202,35,Mosquito nets,Juba,0
1995-2,189,34,Mosquito nets,Juba,0
1995-3,175,32,Mosquito nets,Juba,0.5
1995-4,189,30,Mosquito nets,Juba,2.1
1995-5,194,27,Mosquito nets,Juba,3.4
1995-6,182,35,Mosquito nets,Juba,4.1
1995-7,179,30,Mosquito nets,Juba,4.7
1995-8,183,30,Mosquito nets,Juba,5.2
1995-9,127,34,Mosquito nets,Juba,5.1
1995-10,149,33,Mosquito nets,Juba,5.3
1995-11,145,32,Mosquito nets,Juba,0
1995-12,168,31,Mosquito nets,Juba,0
1996-1,172,34,Mosquito nets,Juba,0
1996-2,180,29,Mosquito nets,Juba,0
1996-3,192,30,Mosquito nets,Juba,0.2
1996-4,209,29,Mosquito nets,Juba,1.3
1996-5,210,32,Mosquito nets,Juba,2.6
1996-6,200,35,Mosquito nets,Juba,3.5
1996-7,218,34,Mosquito nets,Juba,4.1
1996-8,196,29,Mosquito nets,Juba,5.3
1996-9,184,30,Mosquito nets,Juba,4.7
1996-10,160,31,Mosquito nets,Juba,3.8
1996-11,154,30,Mosquito nets,Juba,0
1996-12,169,32,Mosquito nets,Juba,0
1997-1,216,29,Mosquito nets,Juba,0
1997-2,186,35,Mosquito nets,Juba,0
1997-3,196,29,Mosquito nets,Juba,4.4
1997-4,190,34,Mosquito nets,Juba,4
1997-5,183,29,Mosquito nets,Juba,3.2
1997-6,192,34,Mosquito nets,Juba,2.1
1997-7,187,32,Mosquito nets,Juba,3.6
1997-8,191,30,Mosquito nets,Juba,4.1
1997-9,204,31,Mosquito nets,Juba,5.3
1997-10,193,32,Mosquito nets,Juba,5.5
1997-11,191,34,Mosquito nets,Juba,0
1997-12,183,29,Mosquito nets,Juba,0
1998-1,140,35,Mosquito nets,Juba,0
1998-2,131,33,Mosquito nets,Juba,0
1998-3,128,34,Mosquito nets,Juba,0
1998-4,115,29,Mosquito nets,Juba,0.3
1998-5,144,30,Mosquito nets,Juba,1.3
1998-6,158,31,Mosquito nets,Juba,2.8
1998-7,133,30,Mosquito nets,Juba,3.1
1998-8,115,29,Mosquito nets,Juba,3.9
1998-9,131,35,Mosquito nets,Juba,4.1
1998-10,146,34,Mosquito nets,Juba,4.7
1998-11,146,33,Mosquito nets,Juba,0
1998-12,196,32,Mosquito nets,Juba,0
1999-1,204,29,Mosquito nets,Juba,0
1999-2,193,33,Mosquito nets,Juba,0
1999-3,170,34,Mosquito nets,Juba,0
1999-4,187,29,Mosquito nets,Juba,0.3
1999-5,193,33,Mosquito nets,Juba,2.1
1999-6,185,34,Mosquito nets,Juba,3.2
1999-7,191,29,Mosquito nets,Juba,3.8
1999-8,215,34,Mosquito nets,Juba,4.3
1999-9,199,31,Mosquito nets,Juba,4.8
1999-10,189,30,Mosquito nets,Juba,5
1999-11,210,34,Mosquito nets,Juba,0
1999-12,208,33,Mosquito nets,Juba,0
2000-1,194,33,Mosquito nets,Juba,0
2000-2,187,31,Mosquito nets,Juba,0.1
2000-3,193,32,Mosquito nets,Juba,0.5
2000-4,199,30,Mosquito nets,Juba,0.3
2000-5,184,33,Mosquito nets,Juba,1.9
2000-6,172,34,Mosquito nets,Juba,2.5
2000-7,198,32,Mosquito nets,Juba,3.3
2000-8,209,30,Mosquito nets,Juba,4.5
2000-9,193,34,Mosquito nets,Juba,4.2
2000-10,178,30,Mosquito nets,Juba,4.1
2000-11,190,32,Mosquito nets,Juba,0.1
2000-12,181,34,Mosquito nets,Juba,0
2001-1,197,33,Mosquito nets,Juba,0
2001-2,191,34,Mosquito nets,Juba,0
2001-3,189,34,Mosquito nets,Juba,0
2001-4,161,31,Mosquito nets,Juba,0.1
2001-5,182,32,Mosquito nets,Juba,2.4
2001-6,195,32,Mosquito nets,Juba,3.2
2001-7,172,30,Mosquito nets,Juba,4.5
2001-8,166,31,Mosquito nets,Juba,4.1
2001-9,168,33,Mosquito nets,Juba,3.9
2001-10,167,32,Mosquito nets,Juba,4.3
2001-11,179,30,Mosquito nets,Juba,0.3
2001-12,192,31,Mosquito nets,Juba,0
2002-1,182,32,Mosquito nets,Juba,0
2002-2,162,29,Mosquito nets,Juba,0
2002-3,178,34,Mosquito nets,Juba,0
2002-4,162,33,Mosquito nets,Juba,0.3
2002-5,199,33,Mosquito nets,Juba,1.4
2002-6,211,33,Mosquito nets,Juba,2.3
2002-7,205,32,Mosquito nets,Juba,3.5
2002-8,198,31,Mosquito nets,Juba,4.1
2002-9,188,29,Mosquito nets,Juba,5
2002-10,176,35,Mosquito nets,Juba,5.1
2002-11,169,32,Mosquito nets,Juba,0
2002-12,184,30,Mosquito nets,Juba,0
2003-1,168,32,Mosquito nets,Juba,0
2003-2,215,33,Mosquito nets,Juba,0
2003-3,212,31,Mosquito nets,Juba,0.3
2003-4,191,35,Mosquito nets,Juba,1.7
2003-5,185,34,Mosquito nets,Juba,2.2
2003-6,195,33,Mosquito nets,Juba,3.1
2003-7,189,30,Mosquito nets,Juba,3.5
2003-8,170,32,Mosquito nets,Juba,4
2003-9,180,31,Mosquito nets,Juba,4.3
2003-10,198,30,Mosquito nets,Juba,5.1
2003-11,203,35,Mosquito nets,Juba,1.6
2003-12,209,33,Mosquito nets,Juba,0
2004-1,210,32,Mosquito nets,Juba,0
2004-2,185,30,Mosquito nets,Juba,0
2004-3,190,31,Mosquito nets,Juba,0
2004-4,178,30,Mosquito nets,Juba,1.1
2004-5,163,32,Mosquito nets,Juba,2.1
2004-6,172,33,Mosquito nets,Juba,2.9
2004-7,168,34,Mosquito nets,Juba,5.4
2004-8,189,33,Mosquito nets,Juba,3.7
2004-9,149,32,Mosquito nets,Juba,4.7
2004-10,184,31,Mosquito nets,Juba,4.3
2004-11,162,28,Mosquito nets,Juba,0
2004-12,146,29,Mosquito nets,Juba,0
2005-1,166,30,Mosquito nets,Juba,0
2005-2,171,33,Mosquito nets,Juba,0
2005-3,180,32,Mosquito nets,Juba,0
2005-4,193,31,Mosquito nets,Juba,0.3
2005-5,181,30,Mosquito nets,Juba,1.7
2005-6,183,33,Mosquito nets,Juba,2.6
2005-7,218,32,Mosquito nets,Juba,3.4
2005-8,210,31,Mosquito nets,Juba,3.7
2005-9,124,30,Mosquito nets,Juba,5
2005-10,209,32,Mosquito nets,Juba,4.3
2005-11,191,34,Mosquito nets,Juba,0.9
2005-12,172,33,Mosquito nets,Juba,0
2006-1,194,33,Mosquito nets,Juba,0
2006-2,196,32,Mosquito nets,Juba,0
2006-3,196,34,Mosquito nets,Juba,0
2006-4,229,30,Mosquito nets,Juba,1.3
2006-5,235,32,Mosquito nets,Juba,2
2006-6,229,33,Mosquito nets,Juba,2.9
2006-7,243,31,Mosquito nets,Juba,3.1
2006-8,264,29,Mosquito nets,Juba,4
2006-9,272,28,Mosquito nets,Juba,4.2
2006-10,230,33,Mosquito nets,Juba,4.8
2006-11,211,32,Mosquito nets,Juba,2.1
2006-12,180,34,Mosquito nets,Juba,0
2007-1,201,31,Mosquito nets,Juba,0
2007-2,204,34,Mosquito nets,Juba,0
2007-3,188,35,Mosquito nets,Juba,0
2007-4,235,33,Mosquito nets,Juba,0
2007-5,227,32,Mosquito nets,Juba,0
2007-6,234,32,Mosquito nets,Juba,4.3
2007-7,264,32,Mosquito nets,Juba,3.4
2007-8,302,31,Mosquito nets,Juba,4.7
2007-9,293,31,Mosquito nets,Juba,5
2007-10,259,30,Mosquito nets,Juba,6.2
2007-11,229,33,Mosquito nets,Juba,3.1
2007-12,203,34,Mosquito nets,Juba,0
2008-1,229,32,Mosquito nets,Juba,0
2008-2,242,32,Mosquito nets,Juba,0
2008-3,193,32,Mosquito nets,Juba,0
2008-4,217,33,Mosquito nets,Juba,0.1
2008-5,140,31,Mosquito nets,Juba,4.8
2008-6,170,31,Mosquito nets,Juba,2.8
2008-7,189,32,Mosquito nets,Juba,3.8
2008-8,194,32,Mosquito nets,Juba,4.4
2008-9,146,31,Mosquito nets,Juba,5.6
2008-10,212,30,Mosquito nets,Juba,0.1
2008-11,224,31,Mosquito nets,Juba,5.2
2008-12,231,31,Mosquito nets,Juba,0
2009-1,228,32,Mosquito nets,Juba,0
2009-2,213,31,Mosquito nets,Juba,0
2009-3,156,32,Mosquito nets,Juba,0
2009-4,166,31,Mosquito nets,Juba,3.5
2009-5,150,31,Mosquito nets,Juba,4.7
2009-6,173,32,Mosquito nets,Juba,5.6
2009-7,152,32,Mosquito nets,Juba,0
2009-8,177,31,Mosquito nets,Juba,0
2009-9,181,31,Mosquito nets,Juba,0
2009-10,164,34,Mosquito nets,Juba,6.2
2009-11,143,32,Mosquito nets,Juba,3.8
2009-12,171,34,Mosquito nets,Juba,2.9
2010-1,143,32,Mosquito nets,Juba,3.3
2010-2,199,32,Mosquito nets,Juba,0
2010-3,181,31,Mosquito nets,Juba,0
2010-4,198,30,Mosquito nets,Juba,3.4
2010-5,115,29,Mosquito nets,Juba,4.9
2010-6,144,32,Mosquito nets,Juba,5.3
2010-7,158,31,Mosquito nets,Juba,0
2010-8,133,31,Mosquito nets,Juba,0
2010-9,115,30,Mosquito nets,Juba,0
2010-10,131,31,Mosquito nets,Juba,6.9
2010-11,146,31,Mosquito nets,Juba,5.8
2010-12,146,32,Mosquito nets,Juba,2.9
2011-1,329,31,Mosquito nets,Juba,5.5
2011-2,124,32,Mosquito nets,Juba,0
2011-3,143,32,Mosquito nets,Juba,0
2011-4,120,31,Mosquito nets,Juba,0
2011-5,115,30,Mosquito nets,Juba,0.1
2011-6,145,30,Mosquito nets,Juba,2.7
2011-7,149,32,Mosquito nets,Juba,3.1
2011-8,156,32,Mosquito nets,Juba,3.7
2011-9,147,31,Mosquito nets,Juba,4.2
2011-10,131,32,Mosquito nets,Juba,4.8
2011-11,147,29,Mosquito nets,Juba,5.1
2011-12,150,32,Mosquito nets,Juba,0
2012-1,128,31,Mosquito nets,Juba,0
2012-2,154,30,Mosquito nets,Juba,0
2012-3,127,32,Mosquito nets,Juba,0
2012-4,123,32,Mosquito nets,Juba,0.5
2012-5,135,30,Mosquito nets,Juba,2.1
2012-6,147,32,Mosquito nets,Juba,3.4
2012-7,153,31,Mosquito nets,Juba,4.1
2012-8,162,30,Mosquito nets,Juba,4.7
2012-9,143,29,Mosquito nets,Juba,5.2
2012-10,177,32,Mosquito nets,Juba,5.1
2012-11,168,28,Mosquito nets,Juba,5.3
2012-12,180,29,Mosquito nets,Juba,0
2013-1,171,32,Mosquito nets,Juba,0
2013-2,192,30,Mosquito nets,Juba,0
2013-3,184,31,Mosquito nets,Juba,0
2013-4,191,30,Mosquito nets,Juba,0.2
2013-5,142,32,Mosquito nets,Juba,1.3
2013-6,140,30,Mosquito nets,Juba,2.6
2013-7,143,32,Mosquito nets,Juba,3.5
2013-8,133,33,Mosquito nets,Juba,4.1
2013-9,146,34,Mosquito nets,Juba,5.3
2013-10,132,33,Mosquito nets,Juba,4.7
2013-11,145,29,Mosquito nets,Juba,3.8
2013-12,147,30,Mosquito nets,Juba,0
2014-1,132,32,Mosquito nets,Juba,0
2014-2,147,32,Mosquito nets,Juba,0
2014-3,182,32,Mosquito nets,Juba,0
2014-4,178,31,Mosquito nets,Juba,4.4
2014-5,182,30,Mosquito nets,Juba,4
2014-6,190,32,Mosquito nets,Juba,3.2
2014-7,181,31,Mosquito nets,Juba,2.1
2014-8,175,30,Mosquito nets,Juba,3.6
2014-9,168,31,Mosquito nets,Juba,4.1
2014-10,172,32,Mosquito nets,Juba,5.3
2014-11,176,31,Mosquito nets,Juba,5.5
2014-12,207,33,Mosquito nets,Juba,0
2015-1,204,30,Mosquito nets,Juba,0
2015-2,178,31,Mosquito nets,Juba,0
2015-3,195,32,Mosquito nets,Juba,0
2015-4,186,30,Mosquito nets,Juba,0
2015-5,181,31,Mosquito nets,Juba,0.3
2015-6,185,33,Mosquito nets,Juba,1.3
2015-7,195,31,Mosquito nets,Juba,2.8
2015-8,179,32,Mosquito nets,Juba,3.1
2015-9,210,31,Mosquito nets,Juba,3.9
2015-10,191,33,Mosquito nets,Juba,4.1
2015-11,183,30,Mosquito nets,Juba,4.7
2015-12,203,32,Mosquito nets,Juba,0
2016-1,194,34,Mosquito nets,Juba,0
2016-2,180,29,Mosquito nets,Juba,0
2016-3,176,34,Mosquito nets,Juba,0
2016-4,194,34,Mosquito nets,Juba,0
2016-5,187,33,Mosquito nets,Juba,0.3
2016-6,142,32,Mosquito nets,Juba,2.1
2016-7,152,31,Mosquito nets,Juba,3.2
2016-8,149,30,Mosquito nets,Juba,3.8
2016-9,133,32,Mosquito nets,Juba,4.3
2016-10,135,31,Mosquito nets,Juba,4.8
2016-11,141,30,Mosquito nets,Juba,5
2016-12,131,29,Mosquito nets,Juba,0
2017-1,146,31,Mosquito nets,Juba,0
2017-2,115,30,Mosquito nets,Juba,0
2017-3,140,32,Mosquito nets,Juba,0.1
2017-4,132,23,Mosquito nets,Juba,0.5
2017-5,148,32,Mosquito nets,Juba,0.3
2017-6,143,29,Mosquito nets,Juba,1.9
2017-7,152,27,Mosquito nets,Juba,2.5
2017-8,147,28,Mosquito nets,Juba,3.3
2017-9,140,29,Mosquito nets,Juba,4.5
2017-10,115,32,Mosquito nets,Juba,4.2
2017-11,127,30,Mosquito nets,Juba,4.1
2017-12,153,34,Mosquito nets,Juba,0.1
2018-1,148,30,Mosquito nets,Juba,0
2018-2,145,33,Mosquito nets,Juba,0
2018-3,131,32,Mosquito nets,Juba,0
2018-4,134,31,Mosquito nets,Juba,0
2018-5,140,32,Mosquito nets,Juba,0.1
2018-6,135,33,Mosquito nets,Juba,2.4
2018-7,140,30,Mosquito nets,Juba,3.2
2018-8,143,31,Mosquito nets,Juba,4.5
2018-9,164,32,Mosquito nets,Juba,4.1
2018-10,122,33,Mosquito nets,Juba,3.9
2018-11,115,34,Mosquito nets,Juba,4.3
2018-12,141,32,Mosquito nets,Juba,0.3
2019-1,115,32,Mosquito nets,Juba,0
2019-2,121,31,Mosquito nets,Juba,0
2019-3,124,32,Mosquito nets,Juba,0
2019-4,148,31,Mosquito nets,Juba,0
2019-5,135,30,Mosquito nets,Juba,0.3
2019-6,127,30,Mosquito nets,Juba,1.4
2019-7,134,31,Mosquito nets,Juba,2.3
2019-8,124,32,Mosquito nets,Juba,3.5
2019-9,132,32,Mosquito nets,Juba,4.1
2019-10,123,30,Mosquito nets,Juba,5
2019-11,140,31,Mosquito nets,Juba,5.1
2019-12,125,32,Mosquito nets,Juba,0
2020-1,133,31,Mosquito nets,Juba,0
2020-2,140,32,Mosquito nets,Juba,0
2020-3,122,30,Mosquito nets,Juba,0
2020-4,133,30,Mosquito nets,Juba,0.3
2020-5,127,31,Mosquito nets,Juba,1.7
2020-6,140,30,Mosquito nets,Juba,2.2
2020-7,120,29,Mosquito nets,Juba,3.1
2020-8,140,28,Mosquito nets,Juba,3.5
2020-9,134,30,Mosquito nets,Juba,4
2020-10,146,31,Mosquito nets,Juba,4.3
2020-11,312,32,Mosquito nets,Juba,5.1
2020-12,274,33,Mosquito nets,Juba,1.6
2021-1,230,31,Mosquito nets,Juba,0
2021-2,278,32,Mosquito nets,Juba,0
2021-3,284,30,Mosquito nets,Juba,0
2021-4,156,30,Mosquito nets,Juba,0
2021-5,140,31,Mosquito nets,Juba,1.1
2021-6,115,33,Mosquito nets,Juba,2.1
2021-7,143,31,Mosquito nets,Juba,2.9
2021-8,152,32,Mosquito nets,Juba,3.4
2021-9,147,31,Mosquito nets,Juba,3.7
2021-10,141,32,Mosquito nets,Juba,4
2021-11,164,33,Mosquito nets,Juba,4.3
2021-12,143,34,Mosquito nets,Juba,0
2022-1,131,30,Mosquito nets,Juba,0
2022-2,143,32,Mosquito nets,Juba,0
2022-3,140,32,Mosquito nets,Juba,0
2022-4,131,31,Mosquito nets,Juba,0
2022-5,128,30,Mosquito nets,Juba,0.3
2022-6,115,32,Mosquito nets,Juba,1.7
2022-7,144,34,Mosquito nets,Juba,2.6
2022-8,148,33,Mosquito nets,Juba,3.4
2022-9,155,34,Mosquito nets,Juba,3.7
2022-10,165,34,Mosquito nets,Juba,3.3
2022-11,178,33,Mosquito nets,Juba,4.3
2022-12,185,32,Mosquito nets,Juba,0.9
1990-1,146,28,Mosquito nets,Yei,0
1990-2,140,29,Mosquito nets,Yei,0
1990-3,168,25,Mosquito nets,Yei,0.1
1990-4,143,30,Mosquito nets,Yei,2.3
1990-5,120,26,Mosquito nets,Yei,3.1
1990-6,115,28,Mosquito nets,Yei,2.7
1990-7,133,27,Mosquito nets,Yei,3.2
1990-8,135,29,Mosquito nets,Yei,3.8
1990-9,141,25,Mosquito nets,Yei,4.1
1990-10,135,27,Mosquito nets,Yei,4.8
1990-11,131,29,Mosquito nets,Yei,0.1
1990-12,135,26,Mosquito nets,Yei,0
1991-1,131,25,Mosquito nets,Yei,0
1991-2,128,29,Mosquito nets,Yei,0
1991-3,134,27,Mosquito nets,Yei,0
1991-4,127,29,Mosquito nets,Yei,1.7
1991-5,123,28,Mosquito nets,Yei,2.9
1991-6,140,26,Mosquito nets,Yei,3.3
1991-7,142,28,Mosquito nets,Yei,4.1
1991-8,147,26,Mosquito nets,Yei,5.2
1991-9,148,28,Mosquito nets,Yei,4.3
1991-10,131,27,Mosquito nets,Yei,3.9
1991-11,146,29,Mosquito nets,Yei,0
1991-12,115,25,Mosquito nets,Yei,0
1992-1,120,27,Mosquito nets,Yei,0
1992-2,141,29,Mosquito nets,Yei,0
1992-3,147,26,Mosquito nets,Yei,0.9
1992-4,131,25,Mosquito nets,Yei,1.9
1992-5,149,29,Mosquito nets,Yei,2.6
1992-6,146,27,Mosquito nets,Yei,2.9
1992-7,142,29,Mosquito nets,Yei,3.1
1992-8,135,28,Mosquito nets,Yei,3.9
1992-9,122,26,Mosquito nets,Yei,4.3
1992-10,140,28,Mosquito nets,Yei,4.9
1992-11,132,24,Mosquito nets,Yei,5
1992-12,141,26,Mosquito nets,Yei,0
1993-1,131,28,Mosquito nets,Yei,0
1993-2,132,29,Mosquito nets,Yei,0
1993-3,143,27,Mosquito nets,Yei,0.3
1993-4,112,26,Mosquito nets,Yei,2
1993-5,118,25,Mosquito nets,Yei,2.9
1993-6,132,27,Mosquito nets,Yei,3.3
1993-7,140,28,Mosquito nets,Yei,4.1
1993-8,121,30,Mosquito nets,Yei,4.9
1993-9,135,28,Mosquito nets,Yei,5
1993-10,148,27,Mosquito nets,Yei,1.9
1993-11,148,26,Mosquito nets,Yei,0.1
1993-12,140,25,Mosquito nets,Yei,0
1994-1,119,29,Mosquito nets,Yei,0
1994-2,144,27,Mosquito nets,Yei,0
1994-3,128,29,Mosquito nets,Yei,1.9
1994-4,115,28,Mosquito nets,Yei,2.6
1994-5,126,29,Mosquito nets,Yei,3.6
1994-6,141,27,Mosquito nets,Yei,4.4
1994-7,135,28,Mosquito nets,Yei,4.9
1994-8,125,29,Mosquito nets,Yei,5.2
1994-9,149,30,Mosquito nets,Yei,5.9
1994-10,115,26,Mosquito nets,Yei,3.1
1994-11,134,27,Mosquito nets,Yei,1.1
1994-12,148,25,Mosquito nets,Yei,0
1995-1,133,28,Mosquito nets,Yei,0
1995-2,114,29,Mosquito nets,Yei,0
1995-3,115,30,Mosquito nets,Yei,0.7
1995-4,145,26,Mosquito nets,Yei,2.4
1995-5,150,27,Mosquito nets,Yei,2.1
1995-6,115,29,Mosquito nets,Yei,3.5
1995-7,143,27,Mosquito nets,Yei,4.2
1995-8,142,26,Mosquito nets,Yei,4.9
1995-9,115,26,Mosquito nets,Yei,5.1
1995-10,125,28,Mosquito nets,Yei,5.2
1995-11,140,29,Mosquito nets,Yei,0
1995-12,134,28,Mosquito nets,Yei,0
1996-1,162,29,Mosquito nets,Yei,0.7
1996-2,146,27,Mosquito nets,Yei,1.7
1996-3,166,29,Mosquito nets,Yei,2.6
1996-4,151,26,Mosquito nets,Yei,3.2
1996-5,150,27,Mosquito nets,Yei,4.1
1996-6,153,28,Mosquito nets,Yei,3.7
1996-7,149,26,Mosquito nets,Yei,4.6
1996-8,156,24,Mosquito nets,Yei,5
1996-9,145,25,Mosquito nets,Yei,4.7
1996-10,115,29,Mosquito nets,Yei,3.9
1996-11,142,27,Mosquito nets,Yei,1.9
1996-12,140,28,Mosquito nets,Yei,0
1997-1,140,26,Mosquito nets,Yei,0
1997-2,172,27,Mosquito nets,Yei,0
1997-3,164,26,Mosquito nets,Yei,1.3
1997-4,156,25,Mosquito nets,Yei,2.7
1997-5,155,24,Mosquito nets,Yei,3.1
1997-6,140,25,Mosquito nets,Yei,3.5
1997-7,135,26,Mosquito nets,Yei,4.2
1997-8,140,27,Mosquito nets,Yei,4.7
1997-9,143,29,Mosquito nets,Yei,4.6
1997-10,164,28,Mosquito nets,Yei,3.9
1997-11,128,26,Mosquito nets,Yei,0.5
1997-12,115,24,Mosquito nets,Yei,0.1
1998-1,121,26,Mosquito nets,Yei,0
1998-2,131,28,Mosquito nets,Yei,0
1998-3,121,27,Mosquito nets,Yei,1.3
1998-4,124,26,Mosquito nets,Yei,2.9
1998-5,148,27,Mosquito nets,Yei,2.3
1998-6,125,26,Mosquito nets,Yei,2.2
1998-7,127,27,Mosquito nets,Yei,3.9
1998-8,135,28,Mosquito nets,Yei,4.1
1998-9,124,26,Mosquito nets,Yei,4.6
1998-10,132,29,Mosquito nets,Yei,5.1
1998-11,140,27,Mosquito nets,Yei,3.1
1998-12,125,28,Mosquito nets,Yei,0.3
1999-1,131,29,Mosquito nets,Yei,0
1999-2,123,28,Mosquito nets,Yei,0
1999-3,149,27,Mosquito nets,Yei,0
1999-4,142,28,Mosquito nets,Yei,1.9
1999-5,133,29,Mosquito nets,Yei,2.8
1999-6,167,27,Mosquito nets,Yei,3.4
1999-7,126,29,Mosquito nets,Yei,4.3
1999-8,120,26,Mosquito nets,Yei,5
1999-9,131,25,Mosquito nets,Yei,5.2
1999-10,134,28,Mosquito nets,Yei,3.1
1999-11,146,29,Mosquito nets,Yei,2
1999-12,127,27,Mosquito nets,Yei,0
2000-1,124,28,Mosquito nets,Yei,0
2000-2,115,29,Mosquito nets,Yei,0
2000-3,128,25,Mosquito nets,Yei,0.1
2000-4,145,26,Mosquito nets,Yei,1.8
2000-5,115,27,Mosquito nets,Yei,2.8
2000-6,140,28,Mosquito nets,Yei,3.8
2000-7,115,29,Mosquito nets,Yei,4.4
2000-8,143,24,Mosquito nets,Yei,5.1
2000-9,152,25,Mosquito nets,Yei,4.1
2000-10,147,27,Mosquito nets,Yei,5.2
2000-11,141,26,Mosquito nets,Yei,0
2000-12,144,28,Mosquito nets,Yei,0
2001-1,143,27,Mosquito nets,Yei,0
2001-2,131,25,Mosquito nets,Yei,0
2001-3,143,24,Mosquito nets,Yei,3.5
2001-4,140,26,Mosquito nets,Yei,4.7
2001-5,131,23,Mosquito nets,Yei,5.6
2001-6,128,24,Mosquito nets,Yei,0
2001-7,115,25,Mosquito nets,Yei,0
2001-8,144,26,Mosquito nets,Yei,0
2001-9,158,27,Mosquito nets,Yei,6.2
2001-10,193,25,Mosquito nets,Yei,5
2001-11,115,24,Mosquito nets,Yei,4.2
2001-12,209,26,Mosquito nets,Yei,3.3
2002-1,141,24,Mosquito nets,Yei,0
2002-2,196,23,Mosquito nets,Yei,0
2002-3,183,25,Mosquito nets,Yei,3.4
2002-4,154,23,Mosquito nets,Yei,4.9
2002-5,173,23,Mosquito nets,Yei,5.3
2002-6,120,24,Mosquito nets,Yei,0
2002-7,177,25,Mosquito nets,Yei,0
2002-8,163,26,Mosquito nets,Yei,0
2002-9,183,25,Mosquito nets,Yei,6
2002-10,191,23,Mosquito nets,Yei,5.8
2002-11,155,24,Mosquito nets,Yei,6.4
2002-12,169,26,Mosquito nets,Yei,0.7
2003-1,155,24,Mosquito nets,Yei,0
2003-2,160,25,Mosquito nets,Yei,0
2003-3,158,26,Mosquito nets,Yei,0
2003-4,154,23,Mosquito nets,Yei,0.1
2003-5,127,24,Mosquito nets,Yei,2.7
2003-6,123,26,Mosquito nets,Yei,3.1
2003-7,155,24,Mosquito nets,Yei,3.7
2003-8,142,23,Mosquito nets,Yei,4.2
2003-9,147,25,Mosquito nets,Yei,4.8
2003-10,154,26,Mosquito nets,Yei,5.1
2003-11,159,24,Mosquito nets,Yei,0
2003-12,166,25,Mosquito nets,Yei,0
2004-1,168,26,Mosquito nets,Yei,0
2004-2,170,24,Mosquito nets,Yei,0
2004-3,181,25,Mosquito nets,Yei,0.5
2004-4,197,26,Mosquito nets,Yei,2.1
2004-5,184,23,Mosquito nets,Yei,3.4
2004-6,161,24,Mosquito nets,Yei,4.1
2004-7,186,25,Mosquito nets,Yei,4.7
2004-8,202,27,Mosquito nets,Yei,5.2
2004-9,195,28,Mosquito nets,Yei,6.1
2004-10,200,26,Mosquito nets,Yei,5.3
2004-11,166,24,Mosquito nets,Yei,5
2004-12,132,25,Mosquito nets,Yei,0
2005-1,146,28,Mosquito nets,Yei,0
2005-2,115,27,Mosquito nets,Yei,0
2005-3,123,28,Mosquito nets,Yei,0.2
2005-4,132,28,Mosquito nets,Yei,1.3
2005-5,128,25,Mosquito nets,Yei,2.6
2005-6,124,27,Mosquito nets,Yei,3.5
2005-7,132,26,Mosquito nets,Yei,4.1
2005-8,140,28,Mosquito nets,Yei,5.3
2005-9,121,28,Mosquito nets,Yei,4.7
2005-10,135,24,Mosquito nets,Yei,5.8
2005-11,148,25,Mosquito nets,Yei,6
2005-12,144,26,Mosquito nets,Yei,0
2006-1,140,24,Mosquito nets,Yei,0
2006-2,156,26,Mosquito nets,Yei,0
2006-3,115,24,Mosquito nets,Yei,4.4
2006-4,178,25,Mosquito nets,Yei,4
2006-5,165,26,Mosquito nets,Yei,3.2
2006-6,176,24,Mosquito nets,Yei,2.1
2006-7,161,28,Mosquito nets,Yei,3.6
2006-8,135,27,Mosquito nets,Yei,4.1
2006-9,125,29,Mosquito nets,Yei,5.3
2006-10,149,27,Mosquito nets,Yei,5.5
2006-11,170,29,Mosquito nets,Yei,6.1
2006-12,170,28,Mosquito nets,Yei,0
2007-1,158,29,Mosquito nets,Yei,0
2007-2,133,29,Mosquito nets,Yei,0
2007-3,114,27,Mosquito nets,Yei,0
2007-4,115,27,Mosquito nets,Yei,0.3
2007-5,145,25,Mosquito nets,Yei,1.3
2007-6,150,28,Mosquito nets,Yei,2.8
2007-7,178,28,Mosquito nets,Yei,3.1
2007-8,163,26,Mosquito nets,Yei,3.9
2007-9,172,27,Mosquito nets,Yei,4.1
2007-10,147,28,Mosquito nets,Yei,4.7
2007-11,199,27,Mosquito nets,Yei,5.6
2007-12,199,28,Mosquito nets,Yei,0
2008-1,154,28,Mosquito nets,Yei,0
2008-2,162,26,Mosquito nets,Yei,0
2008-3,146,27,Mosquito nets,Yei,0
2008-4,156,28,Mosquito nets,Yei,0.3
2008-5,151,25,Mosquito nets,Yei,2.1
2008-6,180,26,Mosquito nets,Yei,3.2
2008-7,193,24,Mosquito nets,Yei,3.8
2008-8,181,28,Mosquito nets,Yei,4.3
2008-9,183,27,Mosquito nets,Yei,4.8
2008-10,218,26,Mosquito nets,Yei,5
2008-11,230,24,Mosquito nets,Yei,6.3
2008-12,242,25,Mosquito nets,Yei,0
2009-1,209,28,Mosquito nets,Yei,0
2009-2,191,29,Mosquito nets,Yei,0.1
2009-3,172,27,Mosquito nets,Yei,0.5
2009-4,194,28,Mosquito nets,Yei,0.3
2009-5,196,26,Mosquito nets,Yei,1.9
2009-6,196,27,Mosquito nets,Yei,2.5
2009-7,140,28,Mosquito nets,Yei,3.3
2009-8,235,29,Mosquito nets,Yei,4.5
2009-9,140,27,Mosquito nets,Yei,4.2
2009-10,233,28,Mosquito nets,Yei,4.1
2009-11,224,28,Mosquito nets,Yei,0.1
2009-12,232,26,Mosquito nets,Yei,0
2010-1,230,27,Mosquito nets,Yei,0
2010-2,211,28,Mosquito nets,Yei,0
2010-3,180,26,Mosquito nets,Yei,0
2010-4,201,28,Mosquito nets,Yei,0.1
2010-5,204,27,Mosquito nets,Yei,2.4
2010-6,188,28,Mosquito nets,Yei,3.2
2010-7,235,25,Mosquito nets,Yei,4.5
2010-8,227,26,Mosquito nets,Yei,4.1
2010-9,234,27,Mosquito nets,Yei,3.9
2010-10,264,28,Mosquito nets,Yei,4.3
2010-11,232,26,Mosquito nets,Yei,6
2010-12,193,27,Mosquito nets,Yei,0
2011-1,189,28,Mosquito nets,Yei,0
2011-2,199,25,Mosquito nets,Yei,0
2011-3,203,26,Mosquito nets,Yei,0
2011-4,219,27,Mosquito nets,Yei,0.3
2011-5,223,28,Mosquito nets,Yei,1.4
2011-6,233,25,Mosquito nets,Yei,2.3
2011-7,257,26,Mosquito nets,Yei,3.5
2011-8,265,25,Mosquito nets,Yei,4.1
2011-9,250,24,Mosquito nets,Yei,5
2011-10,140,25,Mosquito nets,Yei,5.1
2011-11,264,26,Mosquito nets,Yei,6.2
2011-12,146,26,Mosquito nets,Yei,0
2012-1,232,28,Mosquito nets,Yei,0
2012-2,244,27,Mosquito nets,Yei,0
2012-3,230,28,Mosquito nets,Yei,0.3
2012-4,258,27,Mosquito nets,Yei,1.7
2012-5,264,26,Mosquito nets,Yei,2.2
2012-6,256,24,Mosquito nets,Yei,3.1
2012-7,186,25,Mosquito nets,Yei,3.5
2012-8,190,26,Mosquito nets,Yei,4
2012-9,173,27,Mosquito nets,Yei,4.3
2012-10,152,26,Mosquito nets,Yei,5.1
2012-11,147,27,Mosquito nets,Yei,4.6
2012-12,141,25,Mosquito nets,Yei,0
2013-1,144,26,Mosquito nets,Yei,0
2013-2,143,24,Mosquito nets,Yei,0
2013-3,131,26,Mosquito nets,Yei,0
2013-4,143,26,Mosquito nets,Yei,1.1
2013-5,140,28,Mosquito nets,Yei,2.1
2013-6,131,27,Mosquito nets,Yei,2.9
2013-7,128,26,Mosquito nets,Yei,3.4
2013-8,115,27,Mosquito nets,Yei,3.7
2013-9,144,25,Mosquito nets,Yei,4
2013-10,158,26,Mosquito nets,Yei,4.3
2013-11,133,24,Mosquito nets,Yei,5.5
2013-12,115,26,Mosquito nets,Yei,0
2014-1,131,28,Mosquito nets,Yei,0
2014-2,146,26,Mosquito nets,Yei,0
2014-3,146,24,Mosquito nets,Yei,0
2014-4,329,27,Mosquito nets,Yei,0.3
2014-5,124,28,Mosquito nets,Yei,1.7
2014-6,143,27,Mosquito nets,Yei,2.6
2014-7,120,27,Mosquito nets,Yei,3.4
2014-8,115,26,Mosquito nets,Yei,3.7
2014-9,293,25,Mosquito nets,Yei,3.3
2014-10,435,24,Mosquito nets,Yei,4.3
2014-11,491,27,Mosquito nets,Yei,4.9
2014-12,505,23,Mosquito nets,Yei,0
2015-1,131,24,Mosquito nets,Yei,0
2015-2,359,26,Mosquito nets,Yei,0
2015-3,310,24,Mosquito nets,Yei,0
2015-4,128,25,Mosquito nets,Yei,1.3
2015-5,154,27,Mosquito nets,Yei,2
2015-6,127,26,Mosquito nets,Yei,2.9
2015-7,123,24,Mosquito nets,Yei,3.1
2015-8,196,26,Mosquito nets,Yei,4
2015-9,220,27,Mosquito nets,Yei,4.2
2015-10,172,26,Mosquito nets,Yei,4.8
2015-11,188,24,Mosquito nets,Yei,5.2
2015-12,159,25,Mosquito nets,Yei,0
2016-1,163,26,Mosquito nets,Yei,0
2016-2,207,26,Mosquito nets,Yei,0
2016-3,120,24,Mosquito nets,Yei,0
2016-4,141,25,Mosquito nets,Yei,0
2016-5,217,27,Mosquito nets,Yei,0
2016-6,231,26,Mosquito nets,Yei,4.3
2016-7,219,24,Mosquito nets,Yei,3.4
2016-8,261,25,Mosquito nets,Yei,4.7
2016-9,242,26,Mosquito nets,Yei,5
2016-10,235,24,Mosquito nets,Yei,6.2
2016-11,222,24,Mosquito nets,Yei,5.1
2016-12,196,25,Mosquito nets,Yei,0
2017-1,218,24,Mosquito nets,Yei,0
2017-2,241,25,Mosquito nets,Yei,0
2017-3,230,24,Mosquito nets,Yei,0
2017-4,212,25,Mosquito nets,Yei,0.1
2017-5,232,26,Mosquito nets,Yei,4.8
2017-6,192,26,Mosquito nets,Yei,2.8
2017-7,178,28,Mosquito nets,Yei,3.8
2017-8,132,26,Mosquito nets,Yei,4.4
2017-9,140,27,Mosquito nets,Yei,5.6
2017-10,121,26,Mosquito nets,Yei,4.1
2017-11,135,25,Mosquito nets,Yei,0
2017-12,148,26,Mosquito nets,Yei,0
2018-1,148,24,Mosquito nets,Yei,0
2018-2,140,25,Mosquito nets,Yei,0
2018-3,119,24,Mosquito nets,Yei,0
2018-4,104,26,Mosquito nets,Yei,3.5
2018-5,118,24,Mosquito nets,Yei,4.7
2018-6,115,27,Mosquito nets,Yei,5.6
2018-7,126,26,Mosquito nets,Yei,4.9
2018-8,141,24,Mosquito nets,Yei,5.5
2018-9,135,26,Mosquito nets,Yei,5.3
2018-10,125,24,Mosquito nets,Yei,6.2
2018-11,149,23,Mosquito nets,Yei,3.8
2018-12,170,25,Mosquito nets,Yei,0.1
2019-1,170,26,Mosquito nets,Yei,0
2019-2,158,25,Mosquito nets,Yei,0
2019-3,133,24,Mosquito nets,Yei,0
2019-4,114,26,Mosquito nets,Yei,3.4
2019-5,115,24,Mosquito nets,Yei,4.9
2019-6,145,25,Mosquito nets,Yei,5.3
2019-7,150,24,Mosquito nets,Yei,4.3
2019-8,178,25,Mosquito nets,Yei,5
2019-9,163,23,Mosquito nets,Yei,3.9
2019-10,172,25,Mosquito nets,Yei,4
2019-11,178,24,Mosquito nets,Yei,5.4
2019-12,199,25,Mosquito nets,Yei,4.2
2020-1,199,26,Mosquito nets,Yei,0
2020-2,184,25,Mosquito nets,Yei,0
2020-3,162,27,Mosquito nets,Yei,0
2020-4,146,25,Mosquito nets,Yei,0
2020-5,166,27,Mosquito nets,Yei,0.1
2020-6,171,28,Mosquito nets,Yei,3.2
2020-7,180,26,Mosquito nets,Yei,3.7
2020-8,193,24,Mosquito nets,Yei,5.7
2020-9,181,27,Mosquito nets,Yei,6
2020-10,183,26,Mosquito nets,Yei,4.8
2020-11,218,24,Mosquito nets,Yei,5.1
2020-12,230,25,Mosquito nets,Yei,0
2021-1,242,23,Mosquito nets,Yei,0
2021-2,209,23,Mosquito nets,Yei,0
2021-3,191,24,Mosquito nets,Yei,0
2021-4,172,23,Mosquito nets,Yei,0.5
2021-5,194,23,Mosquito nets,Yei,2.1
2021-6,196,24,Mosquito nets,Yei,3.4
2021-7,196,25,Mosquito nets,Yei,4.1
2021-8,229,23,Mosquito nets,Yei,4.7
2021-9,235,26,Mosquito nets,Yei,5.2
2021-10,229,27,Mosquito nets,Yei,5.1
2021-11,243,28,Mosquito nets,Yei,5.3
2021-12,264,27,Mosquito nets,Yei,0
2022-1,272,28,Mosquito nets,Yei,0
2022-2,230,27,Mosquito nets,Yei,0
2022-3,211,27,Mosquito nets,Yei,0
2022-4,180,28,Mosquito nets,Yei,0.2
2022-5,201,26,Mosquito nets,Yei,1.3
2022-6,204,26,Mosquito nets,Yei,2.6
2022-7,188,25,Mosquito nets,Yei,3.5
2022-8,235,24,Mosquito nets,Yei,4.1
2022-9,227,26,Mosquito nets,Yei,5.3
2022-10,194,24,Mosquito nets,Yei,4.7
2022-11,214,27,Mosquito nets,Yei,4.1
2022-12,202,26,Mosquito nets,Yei,0
1990-1,193,30,Mosquito nets,Wau,0
1990-2,189,31,Mosquito nets,Wau,0
1990-3,219,32,Mosquito nets,Wau,0
1990-4,203,30,Mosquito nets,Wau,3.1
1990-5,213,32,Mosquito nets,Wau,4.2
1990-6,182,31,Mosquito nets,Wau,4.9
1990-7,193,33,Mosquito nets,Wau,4.6
1990-8,187,32,Mosquito nets,Wau,5.1
1990-9,229,33,Mosquito nets,Wau,4.1
1990-10,210,33,Mosquito nets,Wau,5.3
1990-11,140,33,Mosquito nets,Wau,4.2
1990-12,234,32,Mosquito nets,Wau,0
1991-1,146,33,Mosquito nets,Wau,0
1991-2,231,30,Mosquito nets,Wau,0
1991-3,174,34,Mosquito nets,Wau,0
1991-4,187,34,Mosquito nets,Wau,0
1991-5,198,34,Mosquito nets,Wau,0.3
1991-6,224,33,Mosquito nets,Wau,1.3
1991-7,156,34,Mosquito nets,Wau,2.8
1991-8,140,33,Mosquito nets,Wau,3.1
1991-9,115,33,Mosquito nets,Wau,5.3
1991-10,143,32,Mosquito nets,Wau,4.7
1991-11,152,32,Mosquito nets,Wau,4.7
1991-12,147,33,Mosquito nets,Wau,0
1992-1,141,34,Mosquito nets,Wau,0
1992-2,144,33,Mosquito nets,Wau,0
1992-3,143,33,Mosquito nets,Wau,0
1992-4,131,33,Mosquito nets,Wau,0
1992-5,143,33,Mosquito nets,Wau,0.3
1992-6,140,33,Mosquito nets,Wau,2.1
1992-7,131,32,Mosquito nets,Wau,3.2
1992-8,128,33,Mosquito nets,Wau,4.8
1992-9,115,33,Mosquito nets,Wau,5.3
1992-10,144,32,Mosquito nets,Wau,4.8
1992-11,158,31,Mosquito nets,Wau,5
1992-12,133,30,Mosquito nets,Wau,0
1993-1,115,32,Mosquito nets,Wau,0
1993-2,131,31,Mosquito nets,Wau,0
1993-3,146,32,Mosquito nets,Wau,0.1
1993-4,146,32,Mosquito nets,Wau,0.5
1993-5,223,32,Mosquito nets,Wau,0.3
1993-6,124,33,Mosquito nets,Wau,1.9
1993-7,188,33,Mosquito nets,Wau,2.5
1993-8,183,33,Mosquito nets,Wau,3.3
1993-9,115,33,Mosquito nets,Wau,4.5
1993-10,206,34,Mosquito nets,Wau,4.2
1993-11,205,34,Mosquito nets,Wau,0.1
1993-12,191,34,Mosquito nets,Wau,0
1994-1,203,33,Mosquito nets,Wau,0
1994-2,199,33,Mosquito nets,Wau,0
1994-3,189,33,Mosquito nets,Wau,0
1994-4,201,33,Mosquito nets,Wau,0
1994-5,198,33,Mosquito nets,Wau,0.1
1994-6,154,33,Mosquito nets,Wau,2.4
1994-7,127,33,Mosquito nets,Wau,3.2
1994-8,123,33,Mosquito nets,Wau,4.5
1994-9,196,33,Mosquito nets,Wau,4.1
1994-10,189,33,Mosquito nets,Wau,3.9
1994-11,172,34,Mosquito nets,Wau,0.6
1994-12,158,33,Mosquito nets,Wau,0
1995-1,159,33,Mosquito nets,Wau,0
1995-2,163,33,Mosquito nets,Wau,0
1995-3,207,33,Mosquito nets,Wau,0
1995-4,190,30,Mosquito nets,Wau,0
1995-5,191,32,Mosquito nets,Wau,0.3
1995-6,217,32,Mosquito nets,Wau,1.4
1995-7,191,32,Mosquito nets,Wau,2.3
1995-8,219,32,Mosquito nets,Wau,3.5
1995-9,161,32,Mosquito nets,Wau,4.1
1995-10,172,32,Mosquito nets,Wau,5
1995-11,204,33,Mosquito nets,Wau,0.1
1995-12,202,33,Mosquito nets,Wau,0
1996-1,206,33,Mosquito nets,Wau,0
1996-2,208,33,Mosquito nets,Wau,0
1996-3,161,33,Mosquito nets,Wau,0
1996-4,190,33,Mosquito nets,Wau,0.3
1996-5,189,33,Mosquito nets,Wau,1.7
1996-6,182,33,Mosquito nets,Wau,2.2
1996-7,172,33,Mosquito nets,Wau,3.1
1996-8,198,33,Mosquito nets,Wau,3.5
1996-9,194,33,Mosquito nets,Wau,4
1996-10,209,33,Mosquito nets,Wau,4.3
1996-11,221,33,Mosquito nets,Wau,3.5
1996-12,235,33,Mosquito nets,Wau,0.1
1997-1,188,34,Mosquito nets,Wau,0
1997-2,148,34,Mosquito nets,Wau,0
1997-3,140,34,Mosquito nets,Wau,0
1997-4,149,34,Mosquito nets,Wau,0
1997-5,158,33,Mosquito nets,Wau,1.1
1997-6,178,33,Mosquito nets,Wau,2.1
1997-7,165,33,Mosquito nets,Wau,2.9
1997-8,126,33,Mosquito nets,Wau,5.2
1997-9,141,33,Mosquito nets,Wau,3.7
1997-10,135,33,Mosquito nets,Wau,4
1997-11,155,33,Mosquito nets,Wau,3.9
1997-12,149,33,Mosquito nets,Wau,0
1998-1,160,32,Mosquito nets,Wau,0
1998-2,170,32,Mosquito nets,Wau,0
1998-3,158,32,Mosquito nets,Wau,0
1998-4,133,32,Mosquito nets,Wau,0
1998-5,154,32,Mosquito nets,Wau,0.3
1998-6,115,32,Mosquito nets,Wau,1.7
1998-7,145,32,Mosquito nets,Wau,2.6
1998-8,150,32,Mosquito nets,Wau,3.4
1998-9,148,32,Mosquito nets,Wau,4.4
1998-10,163,32,Mosquito nets,Wau,5.3
1998-11,172,32,Mosquito nets,Wau,0.5
1998-12,178,32,Mosquito nets,Wau,0
1999-1,189,32,Mosquito nets,Wau,0
1999-2,179,32,Mosquito nets,Wau,0
1999-3,184,32,Mosquito nets,Wau,0
1999-4,162,32,Mosquito nets,Wau,0
1999-5,146,32,Mosquito nets,Wau,1.5
1999-6,166,32,Mosquito nets,Wau,2.3
1999-7,171,32,Mosquito nets,Wau,3.3
1999-8,180,32,Mosquito nets,Wau,3.7
1999-9,193,33,Mosquito nets,Wau,4.3
1999-10,181,33,Mosquito nets,Wau,3.4
1999-11,183,33,Mosquito nets,Wau,5.1
1999-12,218,33,Mosquito nets,Wau,0
2000-1,202,33,Mosquito nets,Wau,0
2000-2,210,33,Mosquito nets,Wau,0
2000-3,209,33,Mosquito nets,Wau,1.1
2000-4,191,33,Mosquito nets,Wau,3.6
2000-5,172,33,Mosquito nets,Wau,4
2000-6,194,33,Mosquito nets,Wau,5.1
2000-7,196,33,Mosquito nets,Wau,3.4
2000-8,196,33,Mosquito nets,Wau,4.8
2000-9,140,32,Mosquito nets,Wau,2.8
2000-10,225,33,Mosquito nets,Wau,3.8
2000-11,215,32,Mosquito nets,Wau,5.5
2000-12,203,32,Mosquito nets,Wau,0
2001-1,164,33,Mosquito nets,Wau,0
2001-2,172,32,Mosquito nets,Wau,0
2001-3,230,31,Mosquito nets,Wau,0
2001-4,211,32,Mosquito nets,Wau,2.9
2001-5,180,31,Mosquito nets,Wau,3.7
2001-6,201,31,Mosquito nets,Wau,4.3
2001-7,204,32,Mosquito nets,Wau,3.5
2001-8,188,33,Mosquito nets,Wau,4.7
2001-9,235,31,Mosquito nets,Wau,5.6
2001-10,227,32,Mosquito nets,Wau,0
2001-11,214,33,Mosquito nets,Wau,0
2001-12,224,32,Mosquito nets,Wau,0
2002-1,202,32,Mosquito nets,Wau,0
2002-2,211,33,Mosquito nets,Wau,0
2002-3,159,31,Mosquito nets,Wau,1.3
2002-4,229,32,Mosquito nets,Wau,3.3
2002-5,203,32,Mosquito nets,Wau,4
2002-6,199,33,Mosquito nets,Wau,5.1
2002-7,222,33,Mosquito nets,Wau,5.3
2002-8,213,32,Mosquito nets,Wau,4.9
2002-9,167,31,Mosquito nets,Wau,5
2002-10,179,32,Mosquito nets,Wau,3.1
2002-11,170,33,Mosquito nets,Wau,3.3
2002-12,189,34,Mosquito nets,Wau,0
2003-1,164,34,Mosquito nets,Wau,0
2003-2,176,32,Mosquito nets,Wau,0
2003-3,182,31,Mosquito nets,Wau,0
2003-4,174,33,Mosquito nets,Wau,0.2
2003-5,217,33,Mosquito nets,Wau,3.9
2003-6,178,34,Mosquito nets,Wau,4.3
2003-7,184,32,Mosquito nets,Wau,5
2003-8,156,33,Mosquito nets,Wau,5.4
2003-9,186,34,Mosquito nets,Wau,4.9
2003-10,115,31,Mosquito nets,Wau,3.1
2003-11,163,33,Mosquito nets,Wau,0.3
2003-12,172,32,Mosquito nets,Wau,0
2004-1,197,31,Mosquito nets,Wau,0
2004-2,178,32,Mosquito nets,Wau,0
2004-3,144,33,Mosquito nets,Wau,0
2004-4,156,31,Mosquito nets,Wau,0.4
2004-5,131,32,Mosquito nets,Wau,4.5
2004-6,143,34,Mosquito nets,Wau,5
2004-7,140,33,Mosquito nets,Wau,4.6
2004-8,131,33,Mosquito nets,Wau,5.1
2004-9,189,31,Mosquito nets,Wau,4.4
2004-10,177,33,Mosquito nets,Wau,0.7
2004-11,164,33,Mosquito nets,Wau,0
2004-12,158,32,Mosquito nets,Wau,0
2005-1,193,32,Mosquito nets,Wau,0
2005-2,187,31,Mosquito nets,Wau,0
2005-3,200,33,Mosquito nets,Wau,0
2005-4,196,32,Mosquito nets,Wau,3.7
2005-5,186,33,Mosquito nets,Wau,4.3
2005-6,176,32,Mosquito nets,Wau,5
2005-7,124,33,Mosquito nets,Wau,5.5
2005-8,183,31,Mosquito nets,Wau,4.8
2005-9,210,32,Mosquito nets,Wau,2.6
2005-10,217,33,Mosquito nets,Wau,3.5
2005-11,193,32,Mosquito nets,Wau,4.1
2005-12,185,33,Mosquito nets,Wau,0.1
2006-1,198,31,Mosquito nets,Wau,0
2006-2,205,33,Mosquito nets,Wau,0
2006-3,131,32,Mosquito nets,Wau,0
2006-4,159,33,Mosquito nets,Wau,4.2
2006-5,148,32,Mosquito nets,Wau,5.1
2006-6,128,31,Mosquito nets,Wau,3.4
2006-7,154,33,Mosquito nets,Wau,4.4
2006-8,127,32,Mosquito nets,Wau,4
2006-9,123,33,Mosquito nets,Wau,3.2
2006-10,196,32,Mosquito nets,Wau,2.1
2006-11,200,33,Mosquito nets,Wau,3.6
2006-12,212,32,Mosquito nets,Wau,0.2
2007-1,148,32,Mosquito nets,Wau,0
2007-2,159,31,Mosquito nets,Wau,0
2007-3,163,32,Mosquito nets,Wau,0
2007-4,147,32,Mosquito nets,Wau,2.9
2007-5,120,32,Mosquito nets,Wau,3.7
2007-6,141,31,Mosquito nets,Wau,5.5
2007-7,217,32,Mosquito nets,Wau,5.3
2007-8,201,32,Mosquito nets,Wau,4.9
2007-9,214,31,Mosquito nets,Wau,3.3
2007-10,161,33,Mosquito nets,Wau,2.8
2007-11,172,33,Mosquito nets,Wau,3.1
2007-12,135,33,Mosquito nets,Wau,0
2008-1,162,34,Mosquito nets,Wau,0
2008-2,166,34,Mosquito nets,Wau,0
2008-3,178,33,Mosquito nets,Wau,0
2008-4,161,32,Mosquito nets,Wau,3.1
2008-5,190,34,Mosquito nets,Wau,3.6
2008-6,212,34,Mosquito nets,Wau,4.1
2008-7,192,33,Mosquito nets,Wau,3.1
2008-8,182,33,Mosquito nets,Wau,5
2008-9,188,34,Mosquito nets,Wau,4.1
2008-10,192,32,Mosquito nets,Wau,3.2
2008-11,190,33,Mosquito nets,Wau,3.8
2008-12,171,32,Mosquito nets,Wau,0.1
2009-1,195,34,Mosquito nets,Wau,0
2009-2,188,34,Mosquito nets,Wau,0
2009-3,179,34,Mosquito nets,Wau,0.3
2009-4,166,33,Mosquito nets,Wau,1.7
2009-5,199,33,Mosquito nets,Wau,2
2009-6,204,33,Mosquito nets,Wau,2.4
2009-7,208,33,Mosquito nets,Wau,3.1
2009-8,207,33,Mosquito nets,Wau,4.3
2009-9,196,33,Mosquito nets,Wau,3.9
2009-10,171,33,Mosquito nets,Wau,4.5
2009-11,185,33,Mosquito nets,Wau,2.3
2009-12,175,34,Mosquito nets,Wau,0
2010-1,149,33,Mosquito nets,Wau,0
2010-2,170,34,Mosquito nets,Wau,0
2010-3,165,33,Mosquito nets,Wau,0
2010-4,158,34,Mosquito nets,Wau,2.3
2010-5,163,33,Mosquito nets,Wau,3.6
2010-6,156,33,Mosquito nets,Wau,4.2
2010-7,166,34,Mosquito nets,Wau,4.1
2010-8,175,33,Mosquito nets,Wau,5.1
2010-9,150,34,Mosquito nets,Wau,5
2010-10,178,33,Mosquito nets,Wau,0.6
2010-11,155,34,Mosquito nets,Wau,0
2010-12,172,33,Mosquito nets,Wau,0
2011-1,178,34,Mosquito nets,Wau,0
2011-2,199,33,Mosquito nets,Wau,0
2011-3,186,34,Mosquito nets,Wau,0
2011-4,184,33,Mosquito nets,Wau,1.9
2011-5,162,34,Mosquito nets,Wau,2.2
2011-6,176,33,Mosquito nets,Wau,3.2
2011-7,166,34,Mosquito nets,Wau,4
2011-8,171,34,Mosquito nets,Wau,4.6
2011-9,180,34,Mosquito nets,Wau,5.1
2011-10,193,33,Mosquito nets,Wau,0.2
2011-11,181,33,Mosquito nets,Wau,0
2011-12,183,32,Mosquito nets,Wau,0
2012-1,218,33,Mosquito nets,Wau,0
2012-2,210,33,Mosquito nets,Wau,0
2012-3,212,31,Mosquito nets,Wau,0.5
2012-4,209,32,Mosquito nets,Wau,1.6
2012-5,191,32,Mosquito nets,Wau,2.2
2012-6,172,33,Mosquito nets,Wau,3
2012-7,194,34,Mosquito nets,Wau,4.2
2012-8,196,33,Mosquito nets,Wau,4.9
2012-9,204,35,Mosquito nets,Wau,5.2
2012-10,216,36,Mosquito nets,Wau,0.3
2012-11,205,33,Mosquito nets,Wau,0
2012-12,209,34,Mosquito nets,Wau,0
2013-1,203,35,Mosquito nets,Wau,0
2013-2,214,34,Mosquito nets,Wau,0.1
2013-3,211,36,Mosquito nets,Wau,1.6
2013-4,207,33,Mosquito nets,Wau,2.5
2013-5,211,35,Mosquito nets,Wau,3.6
2013-6,180,34,Mosquito nets,Wau,4.1
2013-7,201,33,Mosquito nets,Wau,5
2013-8,204,26,Mosquito nets,Wau,5.3
2013-9,188,35,Mosquito nets,Wau,4.9
2013-10,195,34,Mosquito nets,Wau,0
2013-11,207,33,Mosquito nets,Wau,0
2013-12,154,36,Mosquito nets,Wau,0
2014-1,204,35,Mosquito nets,Wau,0
2014-2,182,36,Mosquito nets,Wau,0.3
2014-3,193,34,Mosquito nets,Wau,1
2014-4,202,33,Mosquito nets,Wau,2.6
2014-5,209,35,Mosquito nets,Wau,3.3
2014-6,203,35,Mosquito nets,Wau,4.1
2014-7,207,34,Mosquito nets,Wau,4.7
2014-8,216,35,Mosquito nets,Wau,5.3
2014-9,203,33,Mosquito nets,Wau,3.6
2014-10,187,33,Mosquito nets,Wau,0.1
2014-11,169,33,Mosquito nets,Wau,0
2014-12,177,33,Mosquito nets,Wau,0
2015-1,159,32,Mosquito nets,Wau,0
2015-2,164,33,Mosquito nets,Wau,0
2015-3,146,33,Mosquito nets,Wau,0.9
2015-4,212,33,Mosquito nets,Wau,2.8
2015-5,210,35,Mosquito nets,Wau,3.1
2015-6,203,35,Mosquito nets,Wau,3.4
2015-7,178,33,Mosquito nets,Wau,3.9
2015-8,184,34,Mosquito nets,Wau,4.3
2015-9,196,34,Mosquito nets,Wau,4.5
2015-10,186,33,Mosquito nets,Wau,0.2
2015-11,170,35,Mosquito nets,Wau,0
2015-12,143,33,Mosquito nets,Wau,0
2016-1,152,34,Mosquito nets,Wau,0
2016-2,147,35,Mosquito nets,Wau,0
2016-3,162,33,Mosquito nets,Wau,2.1
2016-4,164,34,Mosquito nets,Wau,3.3
2016-5,163,35,Mosquito nets,Wau,3.7
2016-6,171,36,Mosquito nets,Wau,4.2
2016-7,163,35,Mosquito nets,Wau,4
2016-8,159,36,Mosquito nets,Wau,4.1
2016-9,171,35,Mosquito nets,Wau,3.9
2016-10,168,36,Mosquito nets,Wau,1.8
2016-11,157,33,Mosquito nets,Wau,1.3
2016-12,144,35,Mosquito nets,Wau,0
2017-1,158,33,Mosquito nets,Wau,0
2017-2,153,34,Mosquito nets,Wau,0
2017-3,147,33,Mosquito nets,Wau,1.2
2017-4,131,35,Mosquito nets,Wau,2.1
2017-5,176,36,Mosquito nets,Wau,3
2017-6,156,35,Mosquito nets,Wau,3.4
2017-7,189,36,Mosquito nets,Wau,3.9
2017-8,195,35,Mosquito nets,Wau,5.5
2017-9,179,33,Mosquito nets,Wau,4.5
2017-10,193,35,Mosquito nets,Wau,4.8
2017-11,197,34,Mosquito nets,Wau,0.8
2017-12,188,35,Mosquito nets,Wau,0
2018-1,185,33,Mosquito nets,Wau,0.4
2018-2,191,36,Mosquito nets,Wau,1.6
2018-3,205,35,Mosquito nets,Wau,0.1
2018-4,189,34,Mosquito nets,Wau,3.2
2018-5,159,36,Mosquito nets,Wau,3.9
2018-6,213,35,Mosquito nets,Wau,4
2018-7,218,36,Mosquito nets,Wau,4.2
2018-8,194,34,Mosquito nets,Wau,5.6
2018-9,167,36,Mosquito nets,Wau,3.5
2018-10,183,35,Mosquito nets,Wau,4.2
2018-11,206,36,Mosquito nets,Wau,3.6
2018-12,220,33,Mosquito nets,Wau,0
2019-1,172,33,Mosquito nets,Wau,0
2019-2,198,35,Mosquito nets,Wau,0
2019-3,189,35,Mosquito nets,Wau,3.2
2019-4,168,34,Mosquito nets,Wau,3.7
2019-5,177,33,Mosquito nets,Wau,2.9
2019-6,170,33,Mosquito nets,Wau,3.3
2019-7,191,33,Mosquito nets,Wau,5
2019-8,200,34,Mosquito nets,Wau,5.4
2019-9,191,35,Mosquito nets,Wau,4.7
2019-10,209,34,Mosquito nets,Wau,4
2019-11,161,35,Mosquito nets,Wau,1
2019-12,172,34,Mosquito nets,Wau,0
2020-1,205,35,Mosquito nets,Wau,0
2020-2,202,34,Mosquito nets,Wau,0
2020-3,206,35,Mosquito nets,Wau,2.9
2020-4,208,36,Mosquito nets,Wau,3.8
2020-5,201,34,Mosquito nets,Wau,3.1
2020-6,190,36,Mosquito nets,Wau,4.5
2020-7,202,34,Mosquito nets,Wau,4.9
2020-8,229,36,Mosquito nets,Wau,5
2020-9,242,35,Mosquito nets,Wau,4.6
2020-10,233,36,Mosquito nets,Wau,3.8
2020-11,267,34,Mosquito nets,Wau,0.1
2020-12,269,34,Mosquito nets,Wau,0
